key_0,lineloc,stage_filtered,z,underwater,z_normalized,nice_datetimes
2020-06-21 18:00:00,375.0,,314.3754071646359,0.0,-0.9783272372033025,Jun 21
2020-06-21 21:00:00,350.0,,315.53830287846057,0.0,0.18456847662139353,Jun 21
2020-06-22 00:00:00,,,,,,Jun 22
2020-06-22 03:00:00,365.0,0.27,314.84056545016574,0.0,-0.5131689516734355,Jun 22
2020-06-22 06:00:00,334.0,0.365833333,316.28255613530837,0.0,0.9288217334691922,Jun 22
2020-06-22 09:00:00,317.0,0.310909091,317.07332522070914,0.0,1.7195908188699605,Jun 22
2020-06-22 12:00:00,336.0,0.222727273,316.1895244782024,0.0,0.835790076363196,Jun 22
2020-06-22 15:00:00,360.0,0.144545455,315.0731445929307,0.0,-0.2805898089084735,Jun 22
2020-06-22 18:00:00,355.0,0.071,315.3057237356956,0.0,-0.048010666143568415,Jun 22
2020-06-22 21:00:00,334.0,,316.28255613530837,0.0,0.9288217334691922,Jun 22
2020-06-23 00:00:00,,,,,,Jun 23
2020-06-23 03:00:00,365.0,,314.84056545016574,0.0,-0.5131689516734355,Jun 23
2020-06-23 06:00:00,365.0,,314.84056545016574,0.0,-0.5131689516734355,Jun 23
2020-06-23 09:00:00,365.0,,314.84056545016574,0.0,-0.5131689516734355,Jun 23
2020-06-23 12:00:00,365.0,,314.84056545016574,0.0,-0.5131689516734355,Jun 23
2020-06-23 15:00:00,365.0,,314.84056545016574,0.0,-0.5131689516734355,Jun 23
2020-06-23 18:00:00,365.0,,314.84056545016574,0.0,-0.5131689516734355,Jun 23
2020-06-23 21:00:00,338.0,,316.0964928210964,0.0,0.7427584192571999,Jun 23
2020-06-24 00:00:00,370.0,,314.60798630740084,0.0,-0.7457480944383406,Jun 24
2020-06-24 03:00:00,331.0,,316.4221036209673,0.0,1.0683692191281011,Jun 24
2020-06-24 06:00:00,370.0,,314.60798630740084,0.0,-0.7457480944383406,Jun 24
2020-06-24 09:00:00,341.0,,315.9569453354374,0.0,0.6032109335982341,Jun 24
2020-06-24 12:00:00,346.0,,315.7243661926725,0.0,0.370631790833329,Jun 24
2020-06-24 15:00:00,347.0,,315.67785036411954,0.0,0.3241159622803593,Jun 24
2020-06-24 18:00:00,365.0,,314.84056545016574,0.0,-0.5131689516734355,Jun 24
2020-06-24 21:00:00,365.0,,314.84056545016574,0.0,-0.5131689516734355,Jun 24
2020-06-25 00:00:00,365.0,0.125454545,314.84056545016574,0.0,-0.5131689516734355,Jun 25
2020-06-25 03:00:00,365.0,0.295833333,314.84056545016574,0.0,-0.5131689516734355,Jun 25
2020-06-25 06:00:00,335.0,0.36,316.23604030675534,0.0,0.8823059049161657,Jun 25
2020-06-25 09:00:00,319.0,0.346666667,316.98029356360314,0.0,1.6265591617639643,Jun 25
2020-06-25 12:00:00,336.0,0.28,316.1895244782024,0.0,0.835790076363196,Jun 25
2020-06-25 15:00:00,336.0,0.208181818,316.1895244782024,0.0,0.835790076363196,Jun 25
2020-06-25 18:00:00,333.0,0.222727273,316.32907196386134,0.0,0.9753375620221618,Jun 25
2020-06-25 21:00:00,355.0,0.42,315.3057237356956,0.0,-0.048010666143568415,Jun 25
2020-06-26 00:00:00,,0.7,,,,Jun 26
2020-06-26 03:00:00,321.0,0.78,316.88726190649714,0.0,1.5335275046579682,Jun 26
2020-06-26 06:00:00,323.0,0.713,316.7942302493912,0.0,1.4404958475520289,Jun 26
2020-06-26 09:00:00,328.0,0.569166667,316.56165110662624,0.0,1.207916704787067,Jun 26
2020-06-26 12:00:00,329.0,0.414166667,316.5151352780733,0.0,1.1614008762340973,Jun 26
2020-06-26 15:00:00,334.0,0.302727273,316.28255613530837,0.0,0.9288217334691922,Jun 26
2020-06-26 18:00:00,333.0,0.305,316.32907196386134,0.0,0.9753375620221618,Jun 26
2020-06-26 21:00:00,355.0,0.505,315.3057237356956,0.0,-0.048010666143568415,Jun 26
2020-06-27 00:00:00,,0.753636364,,,,Jun 27
2020-06-27 03:00:00,321.0,0.791818182,316.88726190649714,0.0,1.5335275046579682,Jun 27
2020-06-27 06:00:00,323.0,0.71,316.7942302493912,0.0,1.4404958475520289,Jun 27
2020-06-27 09:00:00,328.0,0.555454545,316.56165110662624,0.0,1.207916704787067,Jun 27
2020-06-27 12:00:00,329.0,0.399,316.5151352780733,0.0,1.1614008762340973,Jun 27
2020-06-27 15:00:00,335.0,0.292727273,316.23604030675534,0.0,0.8823059049161657,Jun 27
2020-06-27 18:00:00,333.0,0.321818182,316.32907196386134,0.0,0.9753375620221618,Jun 27
2020-06-27 21:00:00,355.0,0.615454545,315.3057237356956,0.0,-0.048010666143568415,Jun 27
2020-06-28 00:00:00,,0.980909091,,,,Jun 28
2020-06-28 03:00:00,319.0,1.06,316.98029356360314,0.0,1.6265591617639643,Jun 28
2020-06-28 06:00:00,310.0,0.921666667,317.39893602058004,0.0,2.0452016187408617,Jun 28
2020-06-28 09:00:00,323.0,0.707777778,316.7942302493912,0.0,1.4404958475520289,Jun 28
2020-06-28 12:00:00,330.0,0.514545455,316.4686194495203,0.0,1.1148850476811276,Jun 28
2020-06-28 15:00:00,331.0,0.386363636,316.4221036209673,0.0,1.0683692191281011,Jun 28
2020-06-28 18:00:00,332.0,0.415,316.3755877924143,0.0,1.0218533905751315,Jun 28
2020-06-28 21:00:00,340.0,0.711818182,316.00346116399044,0.0,0.6497267621512606,Jun 28
2020-06-29 00:00:00,,1.106666667,,,,Jun 29
2020-06-29 03:00:00,325.0,1.205,316.7011985922852,0.0,1.3474641904460327,Jun 29
2020-06-29 06:00:00,307.0,1.063333333,317.538483506239,0.0,2.1847491043998275,Jun 29
2020-06-29 09:00:00,321.0,0.829090909,316.88726190649714,0.0,1.5335275046579682,Jun 29
2020-06-29 12:00:00,325.0,0.6275,316.7011985922852,0.0,1.3474641904460327,Jun 29
2020-06-29 15:00:00,329.0,0.502727273,316.5151352780733,0.0,1.1614008762340973,Jun 29
2020-06-29 18:00:00,330.0,0.57,316.4686194495203,0.0,1.1148850476811276,Jun 29
2020-06-29 21:00:00,340.0,0.940833333,316.00346116399044,0.0,0.6497267621512606,Jun 29
2020-06-30 00:00:00,,1.362,,,,Jun 30
2020-06-30 03:00:00,310.0,1.409090909,317.39893602058004,0.0,2.0452016187408617,Jun 30
2020-06-30 06:00:00,309.0,1.205454545,317.445451849133,0.0,2.0917174472938314,Jun 30
2020-06-30 09:00:00,314.0,1.0075,317.21287270636805,0.0,1.8591383045288694,Jun 30
2020-06-30 12:00:00,320.0,0.885,316.93377773505017,0.0,1.5800433332109947,Jun 30
2020-06-30 15:00:00,302.0,0.866363636,317.7710626490039,0.0,2.4173282471647326,Jun 30
2020-06-30 18:00:00,312.0,0.899166667,317.30590436347404,0.0,1.9521699616348656,Jun 30
2020-06-30 21:00:00,308.0,0.910833333,317.491967677686,0.0,2.138233275846801,Jun 30
2020-07-01 00:00:00,324.0,1.055,316.7477144208382,0.0,1.3939800189990024,Jul 01
2020-07-01 03:00:00,313.0,1.042727273,317.2593885349211,0.0,1.905654133081896,Jul 01
2020-07-01 06:00:00,320.0,0.921,316.93377773505017,0.0,1.5800433332109947,Jul 01
2020-07-01 09:00:00,323.0,0.735454545,316.7942302493912,0.0,1.4404958475520289,Jul 01
2020-07-01 12:00:00,328.0,0.557777778,316.56165110662624,0.0,1.207916704787067,Jul 01
2020-07-01 15:00:00,332.0,0.440909091,316.3755877924143,0.0,1.0218533905751315,Jul 01
2020-07-01 18:00:00,332.0,0.469090909,316.3755877924143,0.0,1.0218533905751315,Jul 01
2020-07-01 21:00:00,316.0,0.752,317.1198410492621,0.0,1.76610664742293,Jul 01
2020-07-02 00:00:00,,0.944,,,,Jul 02
2020-07-02 03:00:00,312.0,0.964166667,317.30590436347404,0.0,1.9521699616348656,Jul 02
2020-07-02 06:00:00,320.0,0.864545455,316.93377773505017,0.0,1.5800433332109947,Jul 02
2020-07-02 09:00:00,324.0,0.696363636,316.7477144208382,0.0,1.3939800189990024,Jul 02
2020-07-02 12:00:00,329.0,0.535454545,316.5151352780733,0.0,1.1614008762340973,Jul 02
2020-07-02 15:00:00,331.0,0.428181818,316.4221036209673,0.0,1.0683692191281011,Jul 02
2020-07-02 18:00:00,342.0,0.51,315.91042950688444,0.0,0.5566951050452644,Jul 02
2020-07-02 21:00:00,334.0,0.861666667,316.28255613530837,0.0,0.9288217334691922,Jul 02
2020-07-03 00:00:00,,1.1425,,,,Jul 03
2020-07-03 03:00:00,313.0,1.091666667,317.2593885349211,0.0,1.905654133081896,Jul 03
2020-07-03 06:00:00,319.0,0.8975,316.98029356360314,0.0,1.6265591617639643,Jul 03
2020-07-03 09:00:00,313.0,0.702727273,317.2593885349211,0.0,1.905654133081896,Jul 03
2020-07-03 12:00:00,329.0,0.531,316.5151352780733,0.0,1.1614008762340973,Jul 03
2020-07-03 15:00:00,331.0,0.433636364,316.4221036209673,0.0,1.0683692191281011,Jul 03
2020-07-03 18:00:00,365.0,0.547272727,314.84056545016574,0.0,-0.5131689516734355,Jul 03
2020-07-03 21:00:00,327.0,0.875,316.60816693517927,0.0,1.2544325333400934,Jul 03
2020-07-04 00:00:00,,1.0175,,,,Jul 04
2020-07-04 03:00:00,300.0,1.01,317.8635804740534,1.0,2.509846072214202,Jul 04
2020-07-04 06:00:00,300.0,0.866,317.8635804740534,1.0,2.509846072214202,Jul 04
2020-07-04 09:00:00,311.0,0.709090909,317.352420192027,0.0,1.9986857901878352,Jul 04
2020-07-04 12:00:00,327.0,0.574545455,316.60816693517927,0.0,1.2544325333400934,Jul 04
2020-07-04 15:00:00,330.0,0.5025,316.4686194495203,0.0,1.1148850476811276,Jul 04
2020-07-04 18:00:00,318.0,0.5475,317.0268093921561,0.0,1.673074990316934,Jul 04
2020-07-04 21:00:00,335.0,0.785833333,316.23604030675534,0.0,0.8823059049161657,Jul 04
2020-07-05 00:00:00,,1.045454545,,,,Jul 05
2020-07-05 03:00:00,320.0,1.046363636,316.93377773505017,0.0,1.5800433332109947,Jul 05
2020-07-05 06:00:00,320.0,0.907272727,316.93377773505017,0.0,1.5800433332109947,Jul 05
2020-07-05 09:00:00,302.0,0.722727273,317.7710626490039,0.0,2.4173282471647326,Jul 05
2020-07-05 12:00:00,300.0,0.546363636,317.8635804740534,1.0,2.509846072214202,Jul 05
2020-07-05 15:00:00,330.0,0.411818182,316.4686194495203,0.0,1.1148850476811276,Jul 05
2020-07-05 18:00:00,334.0,0.355833333,316.28255613530837,0.0,0.9288217334691922,Jul 05
2020-07-05 21:00:00,,0.429166667,,,,Jul 05
2020-07-06 00:00:00,360.0,0.649,315.0731445929307,0.0,-0.2805898089084735,Jul 06
2020-07-06 03:00:00,322.0,0.737272727,316.8407460779442,0.0,1.4870116761049985,Jul 06
2020-07-06 06:00:00,325.0,0.678333333,316.7011985922852,0.0,1.3474641904460327,Jul 06
2020-07-06 09:00:00,328.0,0.555454545,316.56165110662624,0.0,1.207916704787067,Jul 06
2020-07-06 12:00:00,329.0,0.417272727,316.5151352780733,0.0,1.1614008762340973,Jul 06
2020-07-06 15:00:00,334.0,0.312727273,316.28255613530837,0.0,0.9288217334691922,Jul 06
2020-07-06 18:00:00,333.0,0.323,316.32907196386134,0.0,0.9753375620221618,Jul 06
2020-07-06 21:00:00,360.0,0.514,315.0731445929307,0.0,-0.2805898089084735,Jul 06
2020-07-07 00:00:00,,0.780909091,,,,Jul 07
2020-07-07 03:00:00,312.0,0.894,317.30590436347404,0.0,1.9521699616348656,Jul 07
2020-07-07 06:00:00,312.0,0.861818182,317.30590436347404,0.0,1.9521699616348656,Jul 07
2020-07-07 09:00:00,324.0,0.7325,316.7477144208382,0.0,1.3939800189990024,Jul 07
2020-07-07 12:00:00,328.0,0.584545455,316.56165110662624,0.0,1.207916704787067,Jul 07
2020-07-07 15:00:00,332.0,0.482727273,316.3755877924143,0.0,1.0218533905751315,Jul 07
2020-07-07 18:00:00,330.0,0.540833333,316.4686194495203,0.0,1.1148850476811276,Jul 07
2020-07-07 21:00:00,360.0,0.825833333,315.0731445929307,0.0,-0.2805898089084735,Jul 07
2020-07-08 00:00:00,324.0,1.11,316.7477144208382,0.0,1.3939800189990024,Jul 08
2020-07-08 03:00:00,320.0,1.185,316.93377773505017,0.0,1.5800433332109947,Jul 08
2020-07-08 06:00:00,308.0,1.0425,317.491967677686,0.0,2.138233275846801,Jul 08
2020-07-08 09:00:00,320.0,0.836666667,316.93377773505017,0.0,1.5800433332109947,Jul 08
2020-07-08 12:00:00,326.0,0.645833333,316.65468276373224,0.0,1.300948361893063,Jul 08
2020-07-08 15:00:00,329.0,0.521818182,316.5151352780733,0.0,1.1614008762340973,Jul 08
2020-07-08 18:00:00,329.0,0.622727273,316.5151352780733,0.0,1.1614008762340973,Jul 08
2020-07-08 21:00:00,334.0,1.041,316.28255613530837,0.0,0.9288217334691922,Jul 08
2020-07-09 00:00:00,325.0,1.386666667,316.7011985922852,0.0,1.3474641904460327,Jul 09
2020-07-09 03:00:00,301.0,1.399166667,317.8175784775569,0.0,2.4638440757177023,Jul 09
2020-07-09 06:00:00,304.0,1.184166667,317.6780309918979,0.0,2.3242965900587365,Jul 09
2020-07-09 09:00:00,310.0,0.921666667,317.39893602058004,0.0,2.0452016187408617,Jul 09
2020-07-09 12:00:00,323.0,0.721818182,316.7942302493912,0.0,1.4404958475520289,Jul 09
2020-07-09 15:00:00,326.0,0.621666667,316.65468276373224,0.0,1.300948361893063,Jul 09
2020-07-09 18:00:00,326.0,0.741818182,316.65468276373224,0.0,1.300948361893063,Jul 09
2020-07-09 21:00:00,,1.141,,,,Jul 09
2020-07-10 00:00:00,320.0,1.3725,316.93377773505017,0.0,1.5800433332109947,Jul 10
2020-07-10 03:00:00,312.0,1.348181818,317.30590436347404,0.0,1.9521699616348656,Jul 10
2020-07-10 06:00:00,306.0,1.151666667,317.584999334792,0.0,2.231264932952797,Jul 10
2020-07-10 09:00:00,310.0,0.9025,317.39893602058004,0.0,2.0452016187408617,Jul 10
2020-07-10 12:00:00,324.0,0.699,316.7477144208382,0.0,1.3939800189990024,Jul 10
2020-07-10 15:00:00,325.0,0.67,316.7011985922852,0.0,1.3474641904460327,Jul 10
2020-07-10 18:00:00,330.0,0.921818182,316.4686194495203,0.0,1.1148850476811276,Jul 10
2020-07-10 21:00:00,325.0,1.365,316.7011985922852,0.0,1.3474641904460327,Jul 10
2020-07-11 00:00:00,289.0,1.622727273,318.37110446199443,1.0,3.017370060155258,Jul 11
2020-07-11 03:00:00,305.0,1.577272727,317.63151516334494,0.0,2.277780761505767,Jul 11
2020-07-11 06:00:00,310.0,1.39,317.39893602058004,0.0,2.0452016187408617,Jul 11
2020-07-11 09:00:00,305.0,1.198181818,317.63151516334494,0.0,2.277780761505767,Jul 11
2020-07-11 12:00:00,309.0,1.039,317.445451849133,0.0,2.0917174472938314,Jul 11
2020-07-11 15:00:00,313.0,1.028181818,317.2593885349211,0.0,1.905654133081896,Jul 11
2020-07-11 18:00:00,320.0,1.203333333,316.93377773505017,0.0,1.5800433332109947,Jul 11
2020-07-11 21:00:00,322.0,1.479166667,316.8407460779442,0.0,1.4870116761049985,Jul 11
2020-07-12 00:00:00,315.0,1.622727273,317.1663568778151,0.0,1.8126224759758998,Jul 12
2020-07-12 03:00:00,315.0,1.505,317.1663568778151,0.0,1.8126224759758998,Jul 12
2020-07-12 06:00:00,301.0,1.246666667,317.8175784775569,0.0,2.4638440757177023,Jul 12
2020-07-12 09:00:00,309.0,0.973333333,317.445451849133,0.0,2.0917174472938314,Jul 12
2020-07-12 12:00:00,323.0,0.744166667,316.7942302493912,0.0,1.4404958475520289,Jul 12
2020-07-12 15:00:00,325.0,0.611818182,316.7011985922852,0.0,1.3474641904460327,Jul 12
2020-07-12 18:00:00,327.0,0.694166667,316.60816693517927,0.0,1.2544325333400934,Jul 12
2020-07-12 21:00:00,332.0,1.11,316.3755877924143,0.0,1.0218533905751315,Jul 12
2020-07-13 00:00:00,320.0,1.449,316.93377773505017,0.0,1.5800433332109947,Jul 13
2020-07-13 03:00:00,311.0,1.431818182,317.352420192027,0.0,1.9986857901878352,Jul 13
2020-07-13 06:00:00,302.0,1.203333333,317.7710626490039,0.0,2.4173282471647326,Jul 13
2020-07-13 09:00:00,309.0,0.924545455,317.445451849133,0.0,2.0917174472938314,Jul 13
2020-07-13 12:00:00,324.0,0.715,316.7477144208382,0.0,1.3939800189990024,Jul 13
2020-07-13 15:00:00,325.0,0.625,316.7011985922852,0.0,1.3474641904460327,Jul 13
2020-07-13 18:00:00,330.0,0.782727273,316.4686194495203,0.0,1.1148850476811276,Jul 13
2020-07-13 21:00:00,,1.23,,,,Jul 13
2020-07-14 00:00:00,320.0,1.59,316.93377773505017,0.0,1.5800433332109947,Jul 14
2020-07-14 03:00:00,299.0,1.583333333,317.91306155567423,1.0,2.5593271538350564,Jul 14
2020-07-14 06:00:00,300.0,1.386,317.8635804740534,1.0,2.509846072214202,Jul 14
2020-07-14 09:00:00,313.0,1.112,317.2593885349211,0.0,1.905654133081896,Jul 14
2020-07-14 12:00:00,313.0,0.900909091,317.2593885349211,0.0,1.905654133081896,Jul 14
2020-07-14 15:00:00,330.0,0.8025,316.4686194495203,0.0,1.1148850476811276,Jul 14
2020-07-14 18:00:00,320.0,0.838181818,316.93377773505017,0.0,1.5800433332109947,Jul 14
2020-07-14 21:00:00,325.0,0.931666667,316.7011985922852,0.0,1.3474641904460327,Jul 14
2020-07-15 00:00:00,325.0,0.930833333,316.7011985922852,0.0,1.3474641904460327,Jul 15
2020-07-15 03:00:00,330.0,0.84,316.4686194495203,0.0,1.1148850476811276,Jul 15
2020-07-15 06:00:00,330.0,0.683333333,316.4686194495203,0.0,1.1148850476811276,Jul 15
2020-07-15 09:00:00,345.0,0.503636364,315.7708820212255,0.0,0.41714761938629863,Jul 15
2020-07-15 12:00:00,350.0,0.345833333,315.53830287846057,0.0,0.18456847662139353,Jul 15
2020-07-15 15:00:00,350.0,0.232,315.53830287846057,0.0,0.18456847662139353,Jul 15
2020-07-15 18:00:00,326.0,0.283333333,316.65468276373224,0.0,1.300948361893063,Jul 15
2020-07-15 21:00:00,323.0,0.494,316.7942302493912,0.0,1.4404958475520289,Jul 15
2020-07-16 00:00:00,330.0,0.685,316.4686194495203,0.0,1.1148850476811276,Jul 16
2020-07-16 03:00:00,330.0,0.765454545,316.4686194495203,0.0,1.1148850476811276,Jul 16
2020-07-16 06:00:00,324.0,0.7,316.7477144208382,0.0,1.3939800189990024,Jul 16
2020-07-16 09:00:00,327.0,0.588181818,316.60816693517927,0.0,1.2544325333400934,Jul 16
2020-07-16 12:00:00,331.0,0.47,316.4221036209673,0.0,1.0683692191281011,Jul 16
2020-07-16 15:00:00,333.0,0.391818182,316.32907196386134,0.0,0.9753375620221618,Jul 16
2020-07-16 18:00:00,360.0,0.550909091,315.0731445929307,0.0,-0.2805898089084735,Jul 16
2020-07-16 21:00:00,,0.953,,,,Jul 16
2020-07-17 00:00:00,320.0,1.191666667,316.93377773505017,0.0,1.5800433332109947,Jul 17
2020-07-17 03:00:00,313.0,1.169090909,317.2593885349211,0.0,1.905654133081896,Jul 17
2020-07-17 06:00:00,308.0,0.999090909,317.491967677686,0.0,2.138233275846801,Jul 17
2020-07-17 09:00:00,321.0,0.75,316.88726190649714,0.0,1.5335275046579682,Jul 17
2020-07-17 12:00:00,328.0,0.544,316.56165110662624,0.0,1.207916704787067,Jul 17
2020-07-17 15:00:00,331.0,0.4425,316.4221036209673,0.0,1.0683692191281011,Jul 17
2020-07-17 18:00:00,330.0,0.584166667,316.4686194495203,0.0,1.1148850476811276,Jul 17
2020-07-17 21:00:00,327.0,0.869166667,316.60816693517927,0.0,1.2544325333400934,Jul 17
2020-07-18 00:00:00,300.0,1.104166667,317.8635804740534,1.0,2.509846072214202,Jul 18
2020-07-18 03:00:00,300.0,1.233636364,317.8635804740534,1.0,2.509846072214202,Jul 18
2020-07-18 06:00:00,300.0,1.34,317.8635804740534,1.0,2.509846072214202,Jul 18
2020-07-18 09:00:00,300.0,1.340833333,317.8635804740534,1.0,2.509846072214202,Jul 18
2020-07-18 12:00:00,313.0,1.306363636,317.2593885349211,0.0,1.905654133081896,Jul 18
2020-07-18 15:00:00,315.0,1.4275,317.1663568778151,0.0,1.8126224759758998,Jul 18
2020-07-18 18:00:00,290.0,1.704166667,318.3520099741777,1.0,2.998275572338514,Jul 18
2020-07-18 21:00:00,318.0,1.9675,317.0268093921561,0.0,1.673074990316934,Jul 18
2020-07-19 00:00:00,302.0,2.134545455,317.7710626490039,0.0,2.4173282471647326,Jul 19
2020-07-19 03:00:00,277.0,2.013,318.94122278900505,1.0,3.5874883871658767,Jul 19
2020-07-19 06:00:00,280.0,1.770833333,318.78478071552195,1.0,3.4310463136827707,Jul 19
2020-07-19 09:00:00,287.0,1.521818182,318.4524115983301,1.0,3.0986771964909394,Jul 19
2020-07-19 12:00:00,293.0,1.339166667,318.202762245761,1.0,2.8490278439218173,Jul 19
2020-07-19 15:00:00,316.0,1.344166667,317.1198410492621,0.0,1.76610664742293,Jul 19
2020-07-19 18:00:00,293.0,1.640909091,318.202762245761,1.0,2.8490278439218173,Jul 19
2020-07-19 21:00:00,,1.953333333,,,,Jul 19
2020-07-20 00:00:00,280.0,1.906,318.78478071552195,1.0,3.4310463136827707,Jul 20
2020-07-20 03:00:00,282.0,1.683,318.68342696805655,1.0,3.329692566217375,Jul 20
2020-07-20 06:00:00,288.0,1.465454545,318.40820660188774,1.0,3.054472200048565,Jul 20
2020-07-20 09:00:00,305.0,1.237272727,317.63151516334494,0.0,2.277780761505767,Jul 20
2020-07-20 12:00:00,307.0,1.071818182,317.538483506239,0.0,2.1847491043998275,Jul 20
2020-07-20 15:00:00,313.0,1.049090909,317.2593885349211,0.0,1.905654133081896,Jul 20
2020-07-20 18:00:00,315.0,1.337272727,317.1663568778151,0.0,1.8126224759758998,Jul 20
2020-07-20 21:00:00,,1.7225,,,,Jul 20
2020-07-21 00:00:00,282.0,1.93,318.68342696805655,1.0,3.329692566217375,Jul 21
2020-07-21 03:00:00,300.0,1.768,317.8635804740534,1.0,2.509846072214202,Jul 21
2020-07-21 06:00:00,288.0,1.437272727,318.40820660188774,1.0,3.054472200048565,Jul 21
2020-07-21 09:00:00,306.0,1.113636364,317.584999334792,0.0,2.231264932952797,Jul 21
2020-07-21 12:00:00,320.0,0.884,316.93377773505017,0.0,1.5800433332109947,Jul 21
2020-07-21 15:00:00,321.0,0.743333333,316.88726190649714,0.0,1.5335275046579682,Jul 21
2020-07-21 18:00:00,330.0,0.894,316.4686194495203,0.0,1.1148850476811276,Jul 21
2020-07-21 21:00:00,330.0,1.288181818,316.4686194495203,0.0,1.1148850476811276,Jul 21
2020-07-22 00:00:00,323.0,1.567,316.7942302493912,0.0,1.4404958475520289,Jul 22
2020-07-22 03:00:00,310.0,1.523,317.39893602058004,0.0,2.0452016187408617,Jul 22
2020-07-22 06:00:00,301.0,1.286,317.8175784775569,0.0,2.4638440757177023,Jul 22
2020-07-22 09:00:00,308.0,0.994,317.491967677686,0.0,2.138233275846801,Jul 22
2020-07-22 12:00:00,319.0,0.768181818,316.98029356360314,0.0,1.6265591617639643,Jul 22
2020-07-22 15:00:00,325.0,0.648333333,316.7011985922852,0.0,1.3474641904460327,Jul 22
2020-07-22 18:00:00,330.0,0.803,316.4686194495203,0.0,1.1148850476811276,Jul 22
2020-07-22 21:00:00,,1.236666667,,,,Jul 22
2020-07-23 00:00:00,327.0,1.545,316.60816693517927,0.0,1.2544325333400934,Jul 23
2020-07-23 03:00:00,310.0,1.527272727,317.39893602058004,0.0,2.0452016187408617,Jul 23
2020-07-23 06:00:00,302.0,1.305833333,317.7710626490039,0.0,2.4173282471647326,Jul 23
2020-07-23 09:00:00,307.0,1.024166667,317.538483506239,0.0,2.1847491043998275,Jul 23
2020-07-23 12:00:00,322.0,0.774166667,316.8407460779442,0.0,1.4870116761049985,Jul 23
2020-07-23 15:00:00,326.0,0.670833333,316.65468276373224,0.0,1.300948361893063,Jul 23
2020-07-23 18:00:00,326.0,0.847,316.65468276373224,0.0,1.300948361893063,Jul 23
2020-07-23 21:00:00,,1.3025,,,,Jul 23
2020-07-24 00:00:00,319.0,1.602727273,316.98029356360314,0.0,1.6265591617639643,Jul 24
2020-07-24 03:00:00,310.0,1.551666667,317.39893602058004,0.0,2.0452016187408617,Jul 24
2020-07-24 06:00:00,301.0,1.321666667,317.8175784775569,0.0,2.4638440757177023,Jul 24
2020-07-24 09:00:00,307.0,1.026666667,317.538483506239,0.0,2.1847491043998275,Jul 24
2020-07-24 12:00:00,322.0,0.776,316.8407460779442,0.0,1.4870116761049985,Jul 24
2020-07-24 15:00:00,326.0,0.638181818,316.65468276373224,0.0,1.300948361893063,Jul 24
2020-07-24 18:00:00,330.0,0.7525,316.4686194495203,0.0,1.1148850476811276,Jul 24
2020-07-24 21:00:00,335.0,1.135,316.23604030675534,0.0,0.8823059049161657,Jul 24
2020-07-25 00:00:00,329.0,1.405833333,316.5151352780733,0.0,1.1614008762340973,Jul 25
2020-07-25 03:00:00,315.0,1.369090909,317.1663568778151,0.0,1.8126224759758998,Jul 25
2020-07-25 06:00:00,306.0,1.15,317.584999334792,0.0,2.231264932952797,Jul 25
2020-07-25 09:00:00,310.0,0.917272727,317.39893602058004,0.0,2.0452016187408617,Jul 25
2020-07-25 12:00:00,324.0,0.689090909,316.7477144208382,0.0,1.3939800189990024,Jul 25
2020-07-25 15:00:00,329.0,0.535454545,316.5151352780733,0.0,1.1614008762340973,Jul 25
2020-07-25 18:00:00,331.0,0.596666667,316.4221036209673,0.0,1.0683692191281011,Jul 25
2020-07-25 21:00:00,320.0,0.892,316.93377773505017,0.0,1.5800433332109947,Jul 25
2020-07-26 00:00:00,320.0,1.155454545,316.93377773505017,0.0,1.5800433332109947,Jul 26
2020-07-26 03:00:00,325.0,1.198181818,316.7011985922852,0.0,1.3474641904460327,Jul 26
2020-07-26 06:00:00,308.0,1.060833333,317.491967677686,0.0,2.138233275846801,Jul 26
2020-07-26 09:00:00,320.0,0.831666667,316.93377773505017,0.0,1.5800433332109947,Jul 26
2020-07-26 12:00:00,326.0,0.61,316.65468276373224,0.0,1.300948361893063,Jul 26
2020-07-26 15:00:00,329.0,0.462727273,316.5151352780733,0.0,1.1614008762340973,Jul 26
2020-07-26 18:00:00,332.0,0.508181818,316.3755877924143,0.0,1.0218533905751315,Jul 26
2020-07-26 21:00:00,320.0,0.838,316.93377773505017,0.0,1.5800433332109947,Jul 26
2020-07-27 00:00:00,338.0,1.289,316.0964928210964,0.0,0.7427584192571999,Jul 27
2020-07-27 03:00:00,315.0,1.42,317.1663568778151,0.0,1.8126224759758998,Jul 27
2020-07-27 06:00:00,303.0,1.252222222,317.72454682045094,0.0,2.370812418611763,Jul 27
2020-07-27 09:00:00,308.0,0.975454545,317.491967677686,0.0,2.138233275846801,Jul 27
2020-07-27 12:00:00,323.0,0.7225,316.7942302493912,0.0,1.4404958475520289,Jul 27
2020-07-27 15:00:00,328.0,0.550833333,316.56165110662624,0.0,1.207916704787067,Jul 27
2020-07-27 18:00:00,331.0,0.588333333,316.4221036209673,0.0,1.0683692191281011,Jul 27
2020-07-27 21:00:00,,0.875833333,,,,Jul 27
2020-07-28 00:00:00,338.0,1.200833333,316.0964928210964,0.0,0.7427584192571999,Jul 28
2020-07-28 03:00:00,300.0,1.25,317.8635804740534,1.0,2.509846072214202,Jul 28
2020-07-28 06:00:00,306.0,1.095454545,317.584999334792,0.0,2.231264932952797,Jul 28
2020-07-28 09:00:00,311.0,0.857272727,317.352420192027,0.0,1.9986857901878352,Jul 28
2020-07-28 12:00:00,325.0,0.634545455,316.7011985922852,0.0,1.3474641904460327,Jul 28
2020-07-28 15:00:00,328.0,0.471666667,316.56165110662624,0.0,1.207916704787067,Jul 28
2020-07-28 18:00:00,331.0,0.526363636,316.4221036209673,0.0,1.0683692191281011,Jul 28
2020-07-28 21:00:00,321.0,0.863,316.88726190649714,0.0,1.5335275046579682,Jul 28
2020-07-29 00:00:00,330.0,1.188181818,316.4686194495203,0.0,1.1148850476811276,Jul 29
2020-07-29 03:00:00,325.0,1.237272727,316.7011985922852,0.0,1.3474641904460327,Jul 29
2020-07-29 06:00:00,307.0,1.041818182,317.538483506239,0.0,2.1847491043998275,Jul 29
2020-07-29 09:00:00,321.0,0.814,316.88726190649714,0.0,1.5335275046579682,Jul 29
2020-07-29 12:00:00,325.0,0.6125,316.7011985922852,0.0,1.3474641904460327,Jul 29
2020-07-29 15:00:00,329.0,0.47,316.5151352780733,0.0,1.1614008762340973,Jul 29
2020-07-29 18:00:00,332.0,0.520833333,316.3755877924143,0.0,1.0218533905751315,Jul 29
2020-07-29 21:00:00,,0.793636364,,,,Jul 29
2020-07-30 00:00:00,340.0,1.040909091,316.00346116399044,0.0,0.6497267621512606,Jul 30
2020-07-30 03:00:00,325.0,1.062,316.7011985922852,0.0,1.3474641904460327,Jul 30
2020-07-30 06:00:00,314.0,0.925454545,317.21287270636805,0.0,1.8591383045288694,Jul 30
2020-07-30 09:00:00,323.0,0.709090909,316.7942302493912,0.0,1.4404958475520289,Jul 30
2020-07-30 12:00:00,326.0,0.497272727,316.65468276373224,0.0,1.300948361893063,Jul 30
2020-07-30 15:00:00,332.0,0.335,316.3755877924143,0.0,1.0218533905751315,Jul 30
2020-07-30 18:00:00,338.0,0.287,316.0964928210964,0.0,0.7427584192571999,Jul 30
2020-07-30 21:00:00,345.0,0.4325,315.7708820212255,0.0,0.41714761938629863,Jul 30
2020-07-31 00:00:00,340.0,0.708181818,316.00346116399044,0.0,0.6497267621512606,Jul 31
2020-07-31 03:00:00,301.0,0.893333333,317.8175784775569,0.0,2.4638440757177023,Jul 31
2020-07-31 06:00:00,321.0,0.8,316.88726190649714,0.0,1.5335275046579682,Jul 31
2020-07-31 09:00:00,325.0,0.621666667,316.7011985922852,0.0,1.3474641904460327,Jul 31
2020-07-31 12:00:00,329.0,0.425454545,316.5151352780733,0.0,1.1614008762340973,Jul 31
2020-07-31 15:00:00,333.0,0.261666667,316.32907196386134,0.0,0.9753375620221618,Jul 31
2020-07-31 18:00:00,328.0,0.1725,316.56165110662624,0.0,1.207916704787067,Jul 31
2020-07-31 21:00:00,,0.24,,,,Jul 31
2020-08-01 00:00:00,355.0,0.447,315.3057237356956,0.0,-0.048010666143568415,Aug 01
2020-08-01 03:00:00,328.0,0.573333333,316.56165110662624,0.0,1.207916704787067,Aug 01
2020-08-01 06:00:00,329.0,0.558333333,316.5151352780733,0.0,1.1614008762340973,Aug 01
2020-08-01 09:00:00,330.0,0.4425,316.4686194495203,0.0,1.1148850476811276,Aug 01
2020-08-01 12:00:00,335.0,0.28,316.23604030675534,0.0,0.8823059049161657,Aug 01
2020-08-01 15:00:00,339.0,0.144166667,316.0499769925434,0.0,0.6962425907042302,Aug 01
2020-08-01 18:00:00,334.0,,316.28255613530837,0.0,0.9288217334691922,Aug 01
2020-08-01 21:00:00,333.0,0.070833333,316.32907196386134,0.0,0.9753375620221618,Aug 01
2020-08-02 00:00:00,344.0,0.175454545,315.8173978497785,0.0,0.4636634479393251,Aug 02
2020-08-02 03:00:00,365.0,0.265555556,314.84056545016574,0.0,-0.5131689516734355,Aug 02
2020-08-02 06:00:00,365.0,0.278,314.84056545016574,0.0,-0.5131689516734355,Aug 02
2020-08-02 09:00:00,355.0,0.242727273,315.3057237356956,0.0,-0.048010666143568415,Aug 02
2020-08-02 12:00:00,365.0,0.175454545,314.84056545016574,0.0,-0.5131689516734355,Aug 02
2020-08-02 15:00:00,336.0,0.084,316.1895244782024,0.0,0.835790076363196,Aug 02
2020-08-02 18:00:00,344.0,,315.8173978497785,0.0,0.4636634479393251,Aug 02
2020-08-02 21:00:00,,,,,,Aug 02
2020-08-03 00:00:00,375.0,,314.3754071646359,0.0,-0.9783272372033025,Aug 03
2020-08-03 03:00:00,,,,,,Aug 03
2020-08-03 06:00:00,,,,,,Aug 03
2020-08-03 09:00:00,,,,,,Aug 03
2020-08-03 12:00:00,,,,,,Aug 03
2020-08-03 15:00:00,,,,,,Aug 03
2020-08-03 18:00:00,,,,,,Aug 03
2020-08-03 21:00:00,,,,,,Aug 03
2020-08-04 00:00:00,,,,,,Aug 04
2020-08-04 03:00:00,385.0,,313.910248879106,0.0,-1.4434855227331695,Aug 04
2020-08-04 06:00:00,385.0,,313.910248879106,0.0,-1.4434855227331695,Aug 04
2020-08-04 09:00:00,385.0,,313.910248879106,0.0,-1.4434855227331695,Aug 04
2020-08-04 12:00:00,365.0,,314.84056545016574,0.0,-0.5131689516734355,Aug 04
2020-08-04 15:00:00,363.0,,314.93359710727174,0.0,-0.4201372945674393,Aug 04
2020-08-04 18:00:00,395.0,,313.44509059357614,0.0,-1.9086438082630366,Aug 04
2020-08-04 21:00:00,395.0,,313.44509059357614,0.0,-1.9086438082630366,Aug 04
2020-08-05 00:00:00,400.0,,313.21251145081123,0.0,-2.1412229510279417,Aug 05
2020-08-05 03:00:00,400.0,,313.21251145081123,0.0,-2.1412229510279417,Aug 05
2020-08-05 06:00:00,400.0,,313.21251145081123,0.0,-2.1412229510279417,Aug 05
2020-08-05 09:00:00,400.0,,313.21251145081123,0.0,-2.1412229510279417,Aug 05
2020-08-05 12:00:00,400.0,,313.21251145081123,0.0,-2.1412229510279417,Aug 05
2020-08-05 15:00:00,405.0,,312.9799323080463,0.0,-2.3738020937929036,Aug 05
2020-08-05 18:00:00,390.0,,313.6776697363411,0.0,-1.6760646654980746,Aug 05
2020-08-05 21:00:00,380.0,,314.14282802187097,0.0,-1.2109063799682076,Aug 05
2020-08-06 00:00:00,381.0,,314.096312193318,0.0,-1.2574222085211773,Aug 06
2020-08-06 03:00:00,388.0,,313.77070139344704,0.0,-1.5830330083921353,Aug 06
2020-08-06 06:00:00,410.0,,312.74735316528137,0.0,-2.6063812365578087,Aug 06
2020-08-06 09:00:00,405.0,,312.9799323080463,0.0,-2.3738020937929036,Aug 06
2020-08-06 12:00:00,405.0,,312.9799323080463,0.0,-2.3738020937929036,Aug 06
2020-08-06 15:00:00,405.0,,312.9799323080463,0.0,-2.3738020937929036,Aug 06
2020-08-06 18:00:00,400.0,,313.21251145081123,0.0,-2.1412229510279417,Aug 06
2020-08-06 21:00:00,400.0,,313.21251145081123,0.0,-2.1412229510279417,Aug 06
2020-08-07 00:00:00,400.0,,313.21251145081123,0.0,-2.1412229510279417,Aug 07
2020-08-07 03:00:00,390.0,,313.6776697363411,0.0,-1.6760646654980746,Aug 07
2020-08-07 06:00:00,400.0,,313.21251145081123,0.0,-2.1412229510279417,Aug 07
2020-08-07 09:00:00,400.0,,313.21251145081123,0.0,-2.1412229510279417,Aug 07
2020-08-07 12:00:00,400.0,,313.21251145081123,0.0,-2.1412229510279417,Aug 07
2020-08-07 15:00:00,400.0,,313.21251145081123,0.0,-2.1412229510279417,Aug 07
2020-08-07 18:00:00,395.0,,313.44509059357614,0.0,-1.9086438082630366,Aug 07
2020-08-07 21:00:00,415.0,,312.5147740225164,0.0,-2.8389603793227707,Aug 07
2020-08-08 00:00:00,415.0,,312.5147740225164,0.0,-2.8389603793227707,Aug 08
2020-08-08 03:00:00,410.0,,312.74735316528137,0.0,-2.6063812365578087,Aug 08
2020-08-08 06:00:00,410.0,,312.74735316528137,0.0,-2.6063812365578087,Aug 08
2020-08-08 09:00:00,410.0,,312.74735316528137,0.0,-2.6063812365578087,Aug 08
2020-08-08 12:00:00,410.0,,312.74735316528137,0.0,-2.6063812365578087,Aug 08
2020-08-08 15:00:00,410.0,,312.74735316528137,0.0,-2.6063812365578087,Aug 08
2020-08-08 18:00:00,,,,,,Aug 08
2020-08-08 21:00:00,410.0,,312.74735316528137,0.0,-2.6063812365578087,Aug 08
2020-08-09 00:00:00,415.0,,312.5147740225164,0.0,-2.8389603793227707,Aug 09
2020-08-09 03:00:00,391.0,,313.63115390778813,0.0,-1.7225804940510443,Aug 09
2020-08-09 06:00:00,415.0,,312.5147740225164,0.0,-2.8389603793227707,Aug 09
2020-08-09 09:00:00,392.0,,313.5846380792351,0.0,-1.7690963226040708,Aug 09
2020-08-09 12:00:00,410.0,,312.74735316528137,0.0,-2.6063812365578087,Aug 09
2020-08-09 15:00:00,420.0,,312.2821948797515,0.0,-3.0715395220876758,Aug 09
2020-08-09 18:00:00,,,,,,Aug 09
2020-08-09 21:00:00,378.0,,314.2358596789769,0.0,-1.1178747228622683,Aug 09
2020-08-10 00:00:00,392.0,,313.5846380792351,0.0,-1.7690963226040708,Aug 10
2020-08-10 03:00:00,390.0,,313.6776697363411,0.0,-1.6760646654980746,Aug 10
2020-08-10 06:00:00,420.0,,312.2821948797515,0.0,-3.0715395220876758,Aug 10
2020-08-10 09:00:00,420.0,,312.2821948797515,0.0,-3.0715395220876758,Aug 10
2020-08-10 12:00:00,410.0,,312.74735316528137,0.0,-2.6063812365578087,Aug 10
2020-08-10 15:00:00,415.0,,312.5147740225164,0.0,-2.8389603793227707,Aug 10
2020-08-10 18:00:00,,,,,,Aug 10
2020-08-10 21:00:00,381.0,,314.096312193318,0.0,-1.2574222085211773,Aug 10
2020-08-11 00:00:00,415.0,,312.5147740225164,0.0,-2.8389603793227707,Aug 11
2020-08-11 03:00:00,420.0,,312.2821948797515,0.0,-3.0715395220876758,Aug 11
2020-08-11 06:00:00,420.0,,312.2821948797515,0.0,-3.0715395220876758,Aug 11
2020-08-11 09:00:00,420.0,,312.2821948797515,0.0,-3.0715395220876758,Aug 11
2020-08-11 12:00:00,420.0,,312.2821948797515,0.0,-3.0715395220876758,Aug 11
2020-08-11 15:00:00,420.0,,312.2821948797515,0.0,-3.0715395220876758,Aug 11
2020-08-11 18:00:00,,,,,,Aug 11
2020-08-11 21:00:00,416.0,,312.46825819396344,0.0,-2.8854762078757403,Aug 11
2020-08-12 00:00:00,389.0,,313.72418556489407,0.0,-1.629548836945105,Aug 12
2020-08-12 03:00:00,420.0,,312.2821948797515,0.0,-3.0715395220876758,Aug 12
2020-08-12 06:00:00,425.0,,312.04961573698654,0.0,-3.3041186648526377,Aug 12
2020-08-12 09:00:00,391.0,,313.63115390778813,0.0,-1.7225804940510443,Aug 12
2020-08-12 12:00:00,425.0,,312.04961573698654,0.0,-3.3041186648526377,Aug 12
2020-08-12 15:00:00,425.0,,312.04961573698654,0.0,-3.3041186648526377,Aug 12
2020-08-12 18:00:00,417.0,,312.42174236541047,0.0,-2.93199203642871,Aug 12
2020-08-12 21:00:00,425.0,,312.04961573698654,0.0,-3.3041186648526377,Aug 12
2020-08-13 00:00:00,421.0,,312.23567905119853,0.0,-3.1180553506406454,Aug 13
2020-08-13 03:00:00,421.0,,312.23567905119853,0.0,-3.1180553506406454,Aug 13
2020-08-13 06:00:00,416.0,,312.46825819396344,0.0,-2.8854762078757403,Aug 13
2020-08-13 09:00:00,425.0,,312.04961573698654,0.0,-3.3041186648526377,Aug 13
2020-08-13 12:00:00,419.0,,312.32871070830447,0.0,-3.025023693534706,Aug 13
2020-08-13 15:00:00,418.0,,312.37522653685744,0.0,-2.9785078649817365,Aug 13
2020-08-13 18:00:00,420.0,,312.2821948797515,0.0,-3.0715395220876758,Aug 13
2020-08-13 21:00:00,419.0,,312.32871070830447,0.0,-3.025023693534706,Aug 13
2020-08-14 00:00:00,393.0,,313.53812225068214,0.0,-1.8156121511570404,Aug 14
2020-08-14 03:00:00,395.0,,313.44509059357614,0.0,-1.9086438082630366,Aug 14
2020-08-14 06:00:00,395.0,,313.44509059357614,0.0,-1.9086438082630366,Aug 14
2020-08-14 09:00:00,421.0,,312.23567905119853,0.0,-3.1180553506406454,Aug 14
2020-08-14 12:00:00,421.0,,312.23567905119853,0.0,-3.1180553506406454,Aug 14
2020-08-14 15:00:00,422.0,,312.1891632226455,0.0,-3.164571179193672,Aug 14
2020-08-14 18:00:00,,,,,,Aug 14
2020-08-14 21:00:00,395.0,,313.44509059357614,0.0,-1.9086438082630366,Aug 14
2020-08-15 00:00:00,406.0,,312.9334164794933,0.0,-2.4203179223458733,Aug 15
2020-08-15 03:00:00,426.0,,312.00309990843357,0.0,-3.3506344934056074,Aug 15
2020-08-15 06:00:00,424.0,,312.09613156553957,0.0,-3.2576028362996112,Aug 15
2020-08-15 09:00:00,430.0,,311.81703659422163,0.0,-3.536697807617543,Aug 15
2020-08-15 12:00:00,425.0,,312.04961573698654,0.0,-3.3041186648526377,Aug 15
2020-08-15 15:00:00,424.0,,312.09613156553957,0.0,-3.2576028362996112,Aug 15
2020-08-15 18:00:00,,,,,,Aug 15
2020-08-15 21:00:00,425.0,,312.04961573698654,0.0,-3.3041186648526377,Aug 15
2020-08-16 00:00:00,425.0,,312.04961573698654,0.0,-3.3041186648526377,Aug 16
2020-08-16 03:00:00,423.0,,312.14264739409253,0.0,-3.2110870077466416,Aug 16
2020-08-16 06:00:00,423.0,,312.14264739409253,0.0,-3.2110870077466416,Aug 16
2020-08-16 09:00:00,423.0,,312.14264739409253,0.0,-3.2110870077466416,Aug 16
2020-08-16 12:00:00,425.0,,312.04961573698654,0.0,-3.3041186648526377,Aug 16
2020-08-16 15:00:00,430.0,,311.81703659422163,0.0,-3.536697807617543,Aug 16
2020-08-16 18:00:00,,,,,,Aug 16
2020-08-16 21:00:00,423.0,,312.14264739409253,0.0,-3.2110870077466416,Aug 16
2020-08-17 00:00:00,425.0,,312.04961573698654,0.0,-3.3041186648526377,Aug 17
2020-08-17 03:00:00,402.0,,313.11947979370524,0.0,-2.234254608133938,Aug 17
2020-08-17 06:00:00,424.0,,312.09613156553957,0.0,-3.2576028362996112,Aug 17
2020-08-17 09:00:00,424.0,,312.09613156553957,0.0,-3.2576028362996112,Aug 17
2020-08-17 12:00:00,425.0,,312.04961573698654,0.0,-3.3041186648526377,Aug 17
2020-08-17 15:00:00,430.0,,311.81703659422163,0.0,-3.536697807617543,Aug 17
2020-08-17 18:00:00,,,,,,Aug 17
2020-08-17 21:00:00,417.0,,312.42174236541047,0.0,-2.93199203642871,Aug 17
2020-08-18 00:00:00,424.0,,312.09613156553957,0.0,-3.2576028362996112,Aug 18
2020-08-18 03:00:00,430.0,,311.81703659422163,0.0,-3.536697807617543,Aug 18
2020-08-18 06:00:00,425.0,,312.04961573698654,0.0,-3.3041186648526377,Aug 18
2020-08-18 09:00:00,425.0,,312.04961573698654,0.0,-3.3041186648526377,Aug 18
2020-08-18 12:00:00,426.0,,312.00309990843357,0.0,-3.3506344934056074,Aug 18
2020-08-18 15:00:00,429.0,,311.8635524227746,0.0,-3.490181979064573,Aug 18
2020-08-18 18:00:00,,,,,,Aug 18
2020-08-18 21:00:00,429.0,,311.8635524227746,0.0,-3.490181979064573,Aug 18
2020-08-19 00:00:00,425.0,,312.04961573698654,0.0,-3.3041186648526377,Aug 19
2020-08-19 03:00:00,430.0,,311.81703659422163,0.0,-3.536697807617543,Aug 19
2020-08-19 06:00:00,426.0,,312.00309990843357,0.0,-3.3506344934056074,Aug 19
2020-08-19 09:00:00,365.0,0.246363636,314.84056545016574,0.0,-0.5131689516734355,Aug 19
2020-08-19 12:00:00,350.0,0.466363636,315.53830287846057,0.0,0.18456847662139353,Aug 19
2020-08-19 15:00:00,331.0,0.334,316.4221036209673,0.0,1.0683692191281011,Aug 19
2020-08-19 18:00:00,334.0,0.385454545,316.28255613530837,0.0,0.9288217334691922,Aug 19
2020-08-19 21:00:00,345.0,0.796363636,315.7708820212255,0.0,0.41714761938629863,Aug 19
2020-08-20 00:00:00,325.0,1.118,316.7011985922852,0.0,1.3474641904460327,Aug 20
2020-08-20 03:00:00,318.0,1.294166667,317.0268093921561,0.0,1.673074990316934,Aug 20
2020-08-20 06:00:00,315.0,1.503,317.1663568778151,0.0,1.8126224759758998,Aug 20
2020-08-20 09:00:00,304.0,1.653333333,317.6780309918979,0.0,2.3242965900587365,Aug 20
2020-08-20 12:00:00,282.0,2.017272727,318.68342696805655,1.0,3.329692566217375,Aug 20
2020-08-20 15:00:00,271.0,2.283636364,319.2541705070752,1.0,3.900436105235997,Aug 20
2020-08-20 18:00:00,289.0,2.296,318.37110446199443,1.0,3.017370060155258,Aug 20
2020-08-20 21:00:00,307.0,2.45,317.538483506239,0.0,2.1847491043998275,Aug 20
2020-08-21 00:00:00,292.0,2.478333333,318.25533416088774,1.0,2.9015997590485654,Aug 21
2020-08-21 03:00:00,294.0,2.183333333,318.15701228987973,1.0,2.8032778880405544,Aug 21
2020-08-21 06:00:00,318.0,1.839166667,317.0268093921561,0.0,1.673074990316934,Aug 21
2020-08-21 09:00:00,310.0,1.513636364,317.39893602058004,0.0,2.0452016187408617,Aug 21
2020-08-21 12:00:00,315.0,1.137,317.1663568778151,0.0,1.8126224759758998,Aug 21
2020-08-21 15:00:00,300.0,0.821666667,317.8635804740534,1.0,2.509846072214202,Aug 21
2020-08-21 18:00:00,,0.552727273,,,,Aug 21
2020-08-21 21:00:00,350.0,0.376666667,315.53830287846057,0.0,0.18456847662139353,Aug 21
2020-08-22 00:00:00,338.0,0.290909091,316.0964928210964,0.0,0.7427584192571999,Aug 22
2020-08-22 03:00:00,334.0,0.215454545,316.28255613530837,0.0,0.9288217334691922,Aug 22
2020-08-22 06:00:00,336.0,0.134166667,316.1895244782024,0.0,0.835790076363196,Aug 22
2020-08-22 09:00:00,336.0,,316.1895244782024,0.0,0.835790076363196,Aug 22
2020-08-22 12:00:00,337.0,,316.1430086496494,0.0,0.7892742478102264,Aug 22
2020-08-22 15:00:00,365.0,,314.84056545016574,0.0,-0.5131689516734355,Aug 22
2020-08-22 18:00:00,,,,,,Aug 22
2020-08-22 21:00:00,370.0,,314.60798630740084,0.0,-0.7457480944383406,Aug 22
2020-08-23 00:00:00,342.0,,315.91042950688444,0.0,0.5566951050452644,Aug 23
2020-08-23 03:00:00,385.0,,313.910248879106,0.0,-1.4434855227331695,Aug 23
2020-08-23 06:00:00,385.0,,313.910248879106,0.0,-1.4434855227331695,Aug 23
2020-08-23 09:00:00,372.0,,314.51495465029484,0.0,-0.8387797515443367,Aug 23
2020-08-23 12:00:00,385.0,,313.910248879106,0.0,-1.4434855227331695,Aug 23
2020-08-23 15:00:00,385.0,,313.910248879106,0.0,-1.4434855227331695,Aug 23
2020-08-23 18:00:00,,,,,,Aug 23
2020-08-23 21:00:00,385.0,,313.910248879106,0.0,-1.4434855227331695,Aug 23
2020-08-24 00:00:00,380.0,,314.14282802187097,0.0,-1.2109063799682076,Aug 24
2020-08-24 03:00:00,385.0,,313.910248879106,0.0,-1.4434855227331695,Aug 24
2020-08-24 06:00:00,388.0,,313.77070139344704,0.0,-1.5830330083921353,Aug 24
2020-08-24 09:00:00,388.0,,313.77070139344704,0.0,-1.5830330083921353,Aug 24
2020-08-24 12:00:00,390.0,,313.6776697363411,0.0,-1.6760646654980746,Aug 24
2020-08-24 15:00:00,390.0,,313.6776697363411,0.0,-1.6760646654980746,Aug 24
2020-08-24 18:00:00,,,,,,Aug 24
2020-08-24 21:00:00,395.0,,313.44509059357614,0.0,-1.9086438082630366,Aug 24
2020-08-25 00:00:00,382.0,,314.049796364765,0.0,-1.3039380370742037,Aug 25
2020-08-25 03:00:00,383.0,,314.003280536212,0.0,-1.3504538656271734,Aug 25
2020-08-25 06:00:00,405.0,,312.9799323080463,0.0,-2.3738020937929036,Aug 25
2020-08-25 09:00:00,396.0,,313.39857476502317,0.0,-1.9551596368160062,Aug 25
2020-08-25 12:00:00,385.0,,313.910248879106,0.0,-1.4434855227331695,Aug 25
2020-08-25 15:00:00,385.0,,313.910248879106,0.0,-1.4434855227331695,Aug 25
2020-08-25 18:00:00,,,,,,Aug 25
2020-08-25 21:00:00,410.0,,312.74735316528137,0.0,-2.6063812365578087,Aug 25
2020-08-26 00:00:00,405.0,,312.9799323080463,0.0,-2.3738020937929036,Aug 26
2020-08-26 03:00:00,410.0,,312.74735316528137,0.0,-2.6063812365578087,Aug 26
2020-08-26 06:00:00,415.0,,312.5147740225164,0.0,-2.8389603793227707,Aug 26
2020-08-26 09:00:00,418.0,,312.37522653685744,0.0,-2.9785078649817365,Aug 26
2020-08-26 12:00:00,415.0,,312.5147740225164,0.0,-2.8389603793227707,Aug 26
2020-08-26 15:00:00,412.0,,312.65432150817537,0.0,-2.699412893663805,Aug 26
2020-08-26 18:00:00,417.0,,312.42174236541047,0.0,-2.93199203642871,Aug 26
2020-08-26 21:00:00,413.0,,312.6078056796224,0.0,-2.7459287222167745,Aug 26
2020-08-27 00:00:00,416.0,,312.46825819396344,0.0,-2.8854762078757403,Aug 27
2020-08-27 03:00:00,415.0,,312.5147740225164,0.0,-2.8389603793227707,Aug 27
2020-08-27 06:00:00,413.0,,312.6078056796224,0.0,-2.7459287222167745,Aug 27
2020-08-27 09:00:00,403.0,,313.07296396515227,0.0,-2.2807704366869075,Aug 27
2020-08-27 12:00:00,412.0,,312.65432150817537,0.0,-2.699412893663805,Aug 27
2020-08-27 15:00:00,410.0,,312.74735316528137,0.0,-2.6063812365578087,Aug 27
2020-08-27 18:00:00,410.0,,312.74735316528137,0.0,-2.6063812365578087,Aug 27
2020-08-27 21:00:00,400.0,,313.21251145081123,0.0,-2.1412229510279417,Aug 27
2020-08-28 00:00:00,387.0,,313.81721722200007,0.0,-1.5365171798391088,Aug 28
2020-08-28 03:00:00,403.0,,313.07296396515227,0.0,-2.2807704366869075,Aug 28
2020-08-28 06:00:00,402.0,,313.11947979370524,0.0,-2.234254608133938,Aug 28
2020-08-28 09:00:00,401.0,,313.16599562225827,0.0,-2.1877387795809113,Aug 28
2020-08-28 12:00:00,402.0,,313.11947979370524,0.0,-2.234254608133938,Aug 28
2020-08-28 15:00:00,401.0,,313.16599562225827,0.0,-2.1877387795809113,Aug 28
2020-08-28 18:00:00,,,,,,Aug 28
2020-08-28 21:00:00,387.0,,313.81721722200007,0.0,-1.5365171798391088,Aug 28
2020-08-29 00:00:00,402.0,,313.11947979370524,0.0,-2.234254608133938,Aug 29
2020-08-29 03:00:00,393.0,,313.53812225068214,0.0,-1.8156121511570404,Aug 29
2020-08-29 06:00:00,413.0,,312.6078056796224,0.0,-2.7459287222167745,Aug 29
2020-08-29 09:00:00,410.0,,312.74735316528137,0.0,-2.6063812365578087,Aug 29
2020-08-29 12:00:00,410.0,,312.74735316528137,0.0,-2.6063812365578087,Aug 29
2020-08-29 15:00:00,409.0,,312.79386899383434,0.0,-2.559865408004839,Aug 29
2020-08-29 18:00:00,410.0,,312.74735316528137,0.0,-2.6063812365578087,Aug 29
2020-08-29 21:00:00,386.0,,313.86373305055304,0.0,-1.4900013512861392,Aug 29
2020-08-30 00:00:00,422.0,,312.1891632226455,0.0,-3.164571179193672,Aug 30
2020-08-30 03:00:00,412.0,,312.65432150817537,0.0,-2.699412893663805,Aug 30
2020-08-30 06:00:00,404.0,,313.0264481365993,0.0,-2.327286265239877,Aug 30
2020-08-30 09:00:00,411.0,,312.7008373367284,0.0,-2.6528970651107784,Aug 30
2020-08-30 12:00:00,410.0,,312.74735316528137,0.0,-2.6063812365578087,Aug 30
2020-08-30 15:00:00,410.0,,312.74735316528137,0.0,-2.6063812365578087,Aug 30
2020-08-30 18:00:00,,,,,,Aug 30
2020-08-30 21:00:00,403.0,,313.07296396515227,0.0,-2.2807704366869075,Aug 30
2020-08-31 00:00:00,412.0,,312.65432150817537,0.0,-2.699412893663805,Aug 31
2020-08-31 03:00:00,405.0,,312.9799323080463,0.0,-2.3738020937929036,Aug 31
2020-08-31 06:00:00,414.0,,312.56128985106943,0.0,-2.792444550769744,Aug 31
2020-08-31 09:00:00,413.0,,312.6078056796224,0.0,-2.7459287222167745,Aug 31
2020-08-31 12:00:00,416.0,,312.46825819396344,0.0,-2.8854762078757403,Aug 31
2020-08-31 15:00:00,416.0,,312.46825819396344,0.0,-2.8854762078757403,Aug 31
2020-08-31 18:00:00,,,,,,Aug 31
2020-08-31 21:00:00,419.0,,312.32871070830447,0.0,-3.025023693534706,Aug 31
2020-09-01 00:00:00,419.0,,312.32871070830447,0.0,-3.025023693534706,Sep 01
2020-09-01 03:00:00,426.0,,312.00309990843357,0.0,-3.3506344934056074,Sep 01
2020-09-01 06:00:00,421.0,,312.23567905119853,0.0,-3.1180553506406454,Sep 01
2020-09-01 09:00:00,420.0,,312.2821948797515,0.0,-3.0715395220876758,Sep 01
2020-09-01 12:00:00,421.0,,312.23567905119853,0.0,-3.1180553506406454,Sep 01
2020-09-01 15:00:00,423.0,,312.14264739409253,0.0,-3.2110870077466416,Sep 01
2020-09-01 18:00:00,405.0,,312.9799323080463,0.0,-2.3738020937929036,Sep 01
2020-09-01 21:00:00,424.0,,312.09613156553957,0.0,-3.2576028362996112,Sep 01
